City_ID,City,Country,Date,Lat,Lng,Max Temp,Humidity,Cloudiness,Wind Speed
0,Sao Geraldo Do Araguaia,BR,2022-10-02 00:45:46,-6.4006,-48.555,301.49,27,7,1.92
1,Bambous Virieux,MU,2022-10-02 00:45:46,-20.3428,57.7575,294.29,60,40,4.12
2,Vuktyl,RU,2022-10-02 00:45:46,63.8567,57.3094,277.32,94,100,4.46
3,Iqaluit,CA,2022-10-02 00:45:47,63.7506,-68.5145,271.0,79,20,6.71
4,Arraial Do Cabo,BR,2022-10-02 00:44:11,-22.9661,-42.0278,293.5,85,44,8.11
5,Busselton,AU,2022-10-02 00:45:47,-33.65,115.3333,286.11,74,100,7.47
6,Hermanus,ZA,2022-10-02 00:45:48,-34.4187,19.2345,286.02,82,25,4.55
7,Ushuaia,AR,2022-10-02 00:45:48,-54.8,-68.3,278.96,56,20,10.8
8,The Valley,AI,2022-10-02 00:45:48,18.217,-63.0578,301.54,78,100,5.85
9,Qaanaaq,GL,2022-10-02 00:45:48,77.484,-69.3632,258.56,69,0,3.89
10,Macas,EC,2022-10-02 00:45:49,-2.3167,-78.1167,291.23,98,14,1.13
11,Iralaya,HN,2022-10-02 00:45:49,15.0,-83.2333,299.64,82,100,5.47
12,Luderitz,NA,2022-10-02 00:45:49,-26.6481,15.1594,287.43,76,0,4.68
13,Cape Town,ZA,2022-10-02 00:45:51,-33.9258,18.4232,289.47,75,0,2.57
14,Kudahuvadhoo,MV,2022-10-02 00:45:51,2.6708,72.8944,300.84,75,98,8.44
15,Ponta Do Sol,PT,2022-10-02 00:45:51,32.6667,-17.1,294.5,80,17,2.19
16,Necochea,AR,2022-10-02 00:45:52,-38.5473,-58.7368,284.43,88,0,3.75
17,Port Alfred,ZA,2022-10-02 00:45:52,-33.5906,26.891,289.34,82,75,1.45
18,Emirdag,TR,2022-10-02 00:45:52,39.0197,31.15,292.9,39,49,3.11
19,Salaga,GH,2022-10-02 00:45:53,8.5508,-0.5188,295.76,96,66,2.01
20,Gat,IL,2022-10-02 00:42:48,31.61,34.7642,297.82,100,0,0.77
21,Asfi,MA,2022-10-02 00:45:53,32.2994,-9.2372,293.98,66,3,3.18
22,Tasiilaq,GL,2022-10-02 00:45:53,65.6145,-37.6368,275.96,98,100,1.76
23,Hithadhoo,MV,2022-10-02 00:45:54,-0.6,73.0833,300.55,70,36,6.37
24,Sioux Lookout,CA,2022-10-02 00:42:19,50.1001,-91.917,282.19,76,75,2.06
25,Salalah,OM,2022-10-02 00:45:06,17.0151,54.0924,300.2,78,75,2.06
26,Sao Filipe,CV,2022-10-02 00:45:54,14.8961,-24.4956,298.79,75,22,4.54
27,Bosaso,SO,2022-10-02 00:45:55,11.2842,49.1816,302.63,57,11,2.26
28,East London,ZA,2022-10-02 00:45:55,-33.0153,27.9116,290.97,80,49,2.22
29,Oksfjord,NO,2022-10-02 00:45:56,70.2396,22.3479,278.25,82,22,2.88
30,Toamasina,MG,2022-10-02 00:45:57,-18.1667,49.3833,291.15,94,40,1.03
31,Pampas,PE,2022-10-02 00:45:57,-12.4,-74.9,282.77,88,92,2.15
32,Dikson,RU,2022-10-02 00:45:57,73.5069,80.5464,273.94,99,100,6.36
33,Marawi,PH,2022-10-02 00:45:58,7.9986,124.2928,299.62,68,98,0.75
34,Wattegama,LK,2022-10-02 00:45:58,6.7989,81.4808,298.45,74,100,2.9
35,Mecca,SA,2022-10-02 00:36:24,21.4267,39.8261,300.18,60,0,0.19
36,Vila Velha,BR,2022-10-02 00:42:02,-20.3297,-40.2925,296.12,82,75,2.57
37,Savinka,RU,2022-10-02 00:45:59,50.0785,47.0994,288.84,72,81,3.63
38,Siruguppa,IN,2022-10-02 00:45:59,15.6333,76.9,294.94,90,57,3.81
39,Upernavik,GL,2022-10-02 00:45:59,72.7868,-56.1549,266.81,86,13,2.13
40,Cidreira,BR,2022-10-02 00:46:00,-30.1811,-50.2056,287.9,89,1,4.06
41,Miranda,CO,2022-10-02 00:47:00,3.2499,-76.2281,296.22,85,100,2.94
42,Pisco,PE,2022-10-02 00:47:01,-13.7,-76.2167,289.18,82,0,7.2
43,Tonantins,BR,2022-10-02 00:47:01,-2.8731,-67.8022,297.15,88,94,0.86
44,Snasa,NO,2022-10-02 00:47:01,64.2457,12.3778,282.82,88,100,1.1
45,Camopi,GF,2022-10-02 00:47:02,3.1655,-52.3158,295.97,94,6,1.27
46,Cayenne,GF,2022-10-02 00:47:02,4.9333,-52.3333,298.17,94,20,0.0
47,Tiznit,MA,2022-10-02 00:47:02,29.5833,-9.5,294.51,43,2,0.58
48,Mahebourg,MU,2022-10-02 00:47:03,-20.4081,57.7,294.31,60,40,4.12
49,Guaratinga,BR,2022-10-02 00:47:03,-16.5667,-39.5667,291.96,96,5,1.14
50,San,ML,2022-10-02 00:47:04,13.3034,-4.8956,299.89,63,9,2.72
51,Tombouctou,ML,2022-10-02 00:47:04,20.0,-3.0,300.3,54,92,4.87
52,Songea,TZ,2022-10-02 00:47:04,-10.6833,35.65,287.1,91,0,1.49
53,Vangaindrano,MG,2022-10-02 00:47:05,-23.35,47.6,293.65,78,100,2.72
54,Ghanzi,BW,2022-10-02 00:47:05,-21.5667,21.7833,294.42,23,0,4.08
55,Touros,BR,2022-10-02 00:47:06,-5.1989,-35.4608,297.96,81,12,7.28
56,Jamestown,US,2022-10-02 00:47:06,42.097,-79.2353,286.49,58,0,6.17
57,Saint-Augustin,CA,2022-10-02 00:43:11,51.226,-58.6502,278.71,51,1,4.35
58,Clyde River,CA,2022-10-02 00:47:06,70.4692,-68.5914,271.28,80,75,4.63
59,Kutum,SD,2022-10-02 00:47:07,14.2,24.6667,297.82,49,0,2.44
60,Lagoa,PT,2022-10-02 00:47:07,39.05,-27.9833,294.91,86,92,11.3
61,Codrington,AU,2022-10-02 00:47:08,-38.2667,141.9667,288.69,72,98,2.66
62,Ilulissat,GL,2022-10-02 00:46:38,69.2167,-51.1,272.16,74,97,0.0
63,Namibe,AO,2022-10-02 00:47:08,-15.1961,12.1522,291.27,90,29,2.16
64,Chapais,CA,2022-10-02 00:47:09,49.7834,-74.8492,276.03,79,13,2.56
65,Ribeira Grande,PT,2022-10-02 00:47:09,38.5167,-28.7,295.5,88,99,11.49
66,Saint-Philippe,RE,2022-10-02 00:47:09,-21.3585,55.7679,293.92,72,55,4.44
67,Betioky,MG,2022-10-02 00:47:09,-23.7167,44.3833,291.75,67,0,1.28
68,Cap Malheureux,MU,2022-10-02 00:47:10,-19.9842,57.6142,293.97,64,36,1.34
69,Kushmurun,KZ,2022-10-02 00:47:10,52.4503,64.6311,272.29,49,46,3.15
70,Buy,RU,2022-10-02 00:47:11,58.4786,41.53,285.75,99,100,2.81
71,Georgetown,MY,2022-10-02 00:47:11,5.4112,100.3354,300.11,88,20,1.54
72,Fort Wellington,GY,2022-10-02 00:47:11,6.4,-57.6,300.25,82,11,4.75
73,Port Shepstone,ZA,2022-10-02 00:47:12,-30.7414,30.455,292.66,85,100,2.71
74,Arlit,NE,2022-10-02 00:47:12,18.7369,7.3853,305.17,31,5,1.95
75,Santa Cruz Del Sur,CU,2022-10-02 00:47:12,20.7147,-77.9956,298.56,83,100,2.37
76,Paita,PE,2022-10-02 00:47:13,-5.0892,-81.1144,290.96,84,6,7.32
77,Garowe,SO,2022-10-02 00:47:13,8.4054,48.4845,297.05,65,99,6.7
78,Brae,GB,2022-10-02 00:47:14,60.3964,-1.353,284.58,87,100,7.55
79,Longyearbyen,SJ,2022-10-02 00:47:14,78.2186,15.6401,275.06,93,75,1.03
80,Novyy Urengoy,RU,2022-10-02 00:47:15,66.0833,76.6333,272.13,63,93,5.85
81,Coihaique,CL,2022-10-02 00:43:58,-45.5752,-72.0662,282.49,61,0,0.0
82,Cusuna,HN,2022-10-02 00:47:15,15.85,-85.2333,297.98,86,100,2.3
83,Bredasdorp,ZA,2022-10-02 00:47:16,-34.5322,20.0403,283.64,90,39,1.67
84,Pangnirtung,CA,2022-10-02 00:47:16,66.1451,-65.7125,272.45,53,0,2.21
85,Gamba,GA,2022-10-02 00:48:17,-2.65,10.0,297.13,90,100,2.88
86,Dawlatabad,AF,2022-10-02 00:48:17,36.4141,64.9053,287.34,28,0,1.55
87,Arona,ES,2022-10-02 00:46:45,28.0996,-16.681,291.44,64,20,3.09
88,Soyo,AO,2022-10-02 00:48:17,-6.1349,12.3689,296.98,89,77,3.08
89,Tocopilla,CL,2022-10-02 00:48:18,-22.092,-70.1979,290.0,61,3,2.1
90,Coquimbo,CL,2022-10-02 00:47:56,-29.9533,-71.3436,286.0,94,40,2.06
91,Safaga,EG,2022-10-02 00:48:18,26.7292,33.9365,303.22,42,0,7.31
92,Geraldton,AU,2022-10-02 00:48:19,-28.7667,114.6,292.38,52,6,4.63
93,Mar Del Plata,AR,2022-10-02 00:47:04,-38.0023,-57.5575,288.68,75,0,3.09
94,Souillac,MU,2022-10-02 00:48:19,-20.5167,57.5167,294.36,60,40,4.12
95,Castro,BR,2022-10-02 00:48:19,-24.7911,-50.0119,286.99,93,0,0.82
96,Hurghada,EG,2022-10-02 00:48:20,27.2574,33.8129,304.17,29,0,6.17
97,Vila Franca Do Campo,PT,2022-10-02 00:48:20,37.7167,-25.4333,296.59,85,95,5.08
98,Kemin,KG,2022-10-02 00:48:21,42.7846,75.6892,280.5,55,80,0.52
99,Port Hawkesbury,CA,2022-10-02 00:48:21,45.6169,-61.3485,286.12,90,0,2.06
100,Klaksvik,FO,2022-10-02 00:48:22,62.2266,-6.589,283.66,85,100,10.47
101,Port-Cartier,CA,2022-10-02 00:44:18,50.0334,-66.8654,279.97,54,7,3.97
102,Derzhavinsk,KZ,2022-10-02 00:48:22,51.1,66.3167,271.38,52,0,3.43
103,Mongo,TD,2022-10-02 00:48:23,12.1844,18.693,299.48,58,94,2.95
104,Palmas,BR,2022-10-02 00:48:23,-10.2128,-48.3603,301.08,54,0,2.06
105,Petropavl,KZ,2022-10-02 00:48:23,54.8753,69.1628,270.67,64,46,2.86
106,Comodoro Rivadavia,AR,2022-10-02 00:48:24,-45.8667,-67.5,283.07,53,0,5.14
107,Tazovskiy,RU,2022-10-02 00:48:24,67.4667,78.7,271.68,72,100,4.87
108,Korla,CN,2022-10-02 00:48:24,41.7597,86.1469,283.93,20,100,6.18
109,Mocuba,MZ,2022-10-02 00:48:25,-16.8392,36.9856,292.37,87,0,1.18
110,Dalvik,IS,2022-10-02 00:48:25,65.9702,-18.5286,280.11,94,100,1.37
111,Chuy,UY,2022-10-02 00:48:25,-33.6971,-53.4616,285.25,92,100,2.22
112,Ilesha,NG,2022-10-02 00:48:26,7.1371,5.2583,294.58,99,72,1.25
113,Darnah,LY,2022-10-02 00:48:26,32.767,22.6367,302.72,41,0,1.97
114,Bandarbeyla,SO,2022-10-02 00:48:26,9.4942,50.8122,297.45,82,92,10.17
115,Victoria,HK,2022-10-02 00:43:59,22.2855,114.1577,304.92,84,18,4.02
116,Saldanha,ZA,2022-10-02 00:48:27,-33.0117,17.9442,282.18,78,91,1.86
117,Nouadhibou,MR,2022-10-02 00:48:27,20.931,-17.0347,294.14,73,0,7.72
118,Aktash,RU,2022-10-02 00:48:27,50.3,87.7333,259.45,55,4,1.47
119,Tutoia,BR,2022-10-02 00:48:28,-2.7619,-42.2744,299.37,82,17,5.34
120,Borba,BR,2022-10-02 00:48:28,-4.3878,-59.5939,297.15,91,100,2.13
121,Brasileia,BR,2022-10-02 00:45:37,-11.0161,-68.7481,297.75,59,4,1.59
122,Mao,ES,2022-10-02 00:48:28,39.8885,4.2658,290.46,82,0,2.06
123,Antropovo,RU,2022-10-02 00:48:29,58.3988,43.0066,285.21,97,100,2.9
124,Sipovo,BA,2022-10-02 00:48:29,44.2814,17.0839,283.72,90,0,1.85
125,Caravelas,BR,2022-10-02 00:48:29,-17.7125,-39.2481,295.83,74,100,3.21
126,Badalona,ES,2022-10-02 00:44:35,41.45,2.2474,293.71,69,0,2.06
127,Jalu,LY,2022-10-02 00:48:30,29.0331,21.5482,303.25,22,0,2.55
128,Entebbe,UG,2022-10-02 00:48:30,0.0644,32.4469,292.33,100,20,2.06
129,Mpophomeni,ZA,2022-10-02 00:48:31,-29.5682,30.1862,287.21,94,100,0.85
130,Sao Joao Da Barra,BR,2022-10-02 00:45:53,-21.6403,-41.0511,295.2,82,53,5.02
131,Salinopolis,BR,2022-10-02 00:49:31,-0.6136,-47.3561,299.18,83,25,4.01
132,Leshukonskoye,RU,2022-10-02 00:49:32,64.8989,45.7622,275.91,97,83,1.93
133,Limon,CR,2022-10-02 00:49:32,10.0,-83.0333,298.18,94,75,2.57
134,Narsaq,GL,2022-10-02 00:49:33,60.9167,-46.05,276.27,92,100,2.18
135,Coruripe,BR,2022-10-02 00:49:33,-10.1256,-36.1756,295.55,77,1,3.11
136,Ostrovnoy,RU,2022-10-02 00:49:33,68.0531,39.5131,275.57,87,100,4.18
137,Nanortalik,GL,2022-10-02 00:49:34,60.1432,-45.2371,277.56,78,100,0.75
138,Warren,US,2022-10-02 00:49:34,39.4334,-84.1666,290.73,58,0,6.17
139,Peniche,PT,2022-10-02 00:49:34,39.3558,-9.3811,290.43,73,18,6.34
140,Morondava,MG,2022-10-02 00:49:34,-20.2833,44.2833,295.25,78,0,0.76
141,Polje,BA,2022-10-02 00:49:35,43.8806,18.0744,283.73,93,3,0.83
142,Lencois Paulista,BR,2022-10-02 00:49:35,-22.5986,-48.8003,297.42,87,0,2.39
143,Kajaani,FI,2022-10-02 00:49:36,64.2273,27.7285,277.18,100,75,2.06
144,Praia Da Vitoria,PT,2022-10-02 00:49:36,38.7333,-27.0667,295.79,88,20,7.89
145,Doha,QA,2022-10-02 00:46:54,25.2867,51.5333,302.14,59,0,2.06
146,Monrovia,LR,2022-10-02 00:49:36,6.3005,-10.7969,297.49,89,94,3.4
147,Esna,EG,2022-10-02 00:49:37,25.2934,32.554,302.16,27,0,4.95
148,Tselinnoye,RU,2022-10-02 00:49:37,53.0833,85.6667,266.03,92,20,1.79
149,Andenes,NO,2022-10-02 00:49:37,69.3143,16.1194,278.11,87,30,4.63
150,Sisimiut,GL,2022-10-02 00:49:38,66.9395,-53.6735,273.79,87,100,3.39
151,Karlshamn,SE,2022-10-02 00:49:38,56.1706,14.8619,283.66,92,100,5.2
152,Inirida,CO,2022-10-02 00:49:38,3.8653,-67.9239,295.66,99,100,1.06
153,Maues,BR,2022-10-02 00:49:38,-3.3836,-57.7186,295.86,96,95,1.24
154,El Reten,CO,2022-10-02 00:49:39,10.6114,-74.2682,298.27,83,42,1.6
155,Marquette,US,2022-10-02 00:49:39,46.5333,-87.6335,283.05,92,89,2.81
156,Kvareli,GE,2022-10-02 00:49:39,41.9524,45.8151,291.05,60,46,1.47
157,Hamilton,US,2022-10-02 00:45:14,39.1834,-84.5333,291.62,52,0,9.26
158,Pacasmayo,PE,2022-10-02 00:49:40,-7.4006,-79.5714,289.49,87,28,6.08
159,Kikwit,CD,2022-10-02 00:49:40,-5.041,18.8162,294.42,96,100,0.58
160,Niamey,NE,2022-10-02 00:49:40,13.5137,2.1098,300.31,78,0,2.57
161,Port-Gentil,GA,2022-10-02 00:49:41,-0.7193,8.7815,298.38,84,100,3.64
162,Punta Arenas,CL,2022-10-02 00:44:46,-53.15,-70.9167,279.21,61,0,6.69
163,Kostomuksha,RU,2022-10-02 00:49:41,64.571,30.5767,273.4,96,21,1.18
164,Puerto Maldonado,PE,2022-10-02 00:49:41,-12.6,-69.1833,297.37,78,0,0.0
165,Santo Tomas,PH,2022-10-02 00:49:42,14.1079,121.1414,300.68,70,54,3.64
166,Shieli,KZ,2022-10-02 00:49:42,44.1667,66.75,278.72,31,0,8.25
167,Husavik,IS,2022-10-02 00:49:42,66.0449,-17.3389,280.69,96,100,3.5
168,Vetapalem,IN,2022-10-02 00:49:43,15.7833,80.3167,298.66,84,100,3.94
169,Nara,JP,2022-10-02 00:46:36,34.6851,135.8049,298.13,49,1,1.02
170,Camacha,PT,2022-10-02 00:49:43,33.0833,-16.3333,292.83,64,20,4.12
171,Grindavik,IS,2022-10-02 00:49:44,63.8424,-22.4338,281.41,93,100,13.89
172,Hambantota,LK,2022-10-02 00:49:44,6.1241,81.1185,298.34,100,40,3.09
173,Kano,NG,2022-10-02 00:49:44,12.0001,8.5167,299.79,57,100,2.52
174,Elizabethtown,US,2022-10-02 00:47:20,37.694,-85.8591,292.08,53,0,1.54
175,Bereda,ES,2022-10-02 00:49:45,43.2686,-7.5406,284.39,98,100,0.44
176,Neustadt,DE,2022-10-02 00:50:45,49.7117,12.0872,284.42,93,75,0.0
177,Umm Kaddadah,SD,2022-10-02 00:50:45,13.6017,26.6876,302.61,48,36,3.51
178,Saint-Leu,RE,2022-10-02 00:50:46,-21.15,55.2833,293.63,73,68,3.16
179,Eqbaliyeh,IR,2022-10-02 00:50:46,35.3022,51.5358,294.05,33,0,4.54
180,Carnarvon,AU,2022-10-02 00:50:46,-24.8667,113.6333,294.43,59,0,5.44
181,Saint Augustine,US,2022-10-02 00:50:47,29.8947,-81.3145,295.96,92,0,3.44
182,Mbandaka,CD,2022-10-02 00:50:47,0.0487,18.2603,294.51,97,100,1.32
183,Roald,NO,2022-10-02 00:50:47,62.5833,6.1333,285.0,100,40,1.03
184,Faya,SA,2022-10-02 00:50:48,18.3851,42.4509,289.21,58,0,0.67
185,Saint George,US,2022-10-02 00:50:48,37.1041,-113.5841,304.48,25,0,5.66
186,Shache,CN,2022-10-02 00:50:48,38.4167,77.2406,286.88,36,72,3.22
187,Araouane,ML,2022-10-02 00:50:49,18.9048,-3.5265,301.37,46,100,6.36
188,Rawson,AR,2022-10-02 00:47:10,-43.3002,-65.1023,283.98,60,100,5.24
189,Bonfim,BR,2022-10-02 00:50:49,3.0833,-59.95,299.68,72,98,1.36
190,Olinda,BR,2022-10-02 00:50:49,-8.0089,-34.8553,299.0,69,40,4.12
191,Bengkulu,ID,2022-10-02 00:50:50,-3.8004,102.2655,298.47,85,99,1.4
192,San Rafael Del Sur,NI,2022-10-02 00:50:50,11.8485,-86.4384,299.69,92,100,2.22
193,Belmopan,BZ,2022-10-02 00:50:09,17.25,-88.7667,299.36,85,100,1.12
194,Wattens,AT,2022-10-02 00:50:50,47.2722,11.5993,283.38,95,75,1.54
195,Kruisfontein,ZA,2022-10-02 00:50:51,-34.0033,24.7314,285.39,87,76,1.94
196,Colares,PT,2022-10-02 00:50:51,38.7992,-9.4469,293.89,75,7,7.15
197,Kodarma,IN,2022-10-02 00:50:52,24.4667,85.6,297.58,81,39,1.42
198,Kananga,CD,2022-10-02 00:50:52,-5.8958,22.4178,294.3,86,94,0.79
199,Bentiu,SS,2022-10-02 00:50:52,9.2333,29.8333,295.97,85,0,1.03
200,Saint-Francois,FR,2022-10-02 00:50:52,46.4154,3.9054,289.84,94,75,2.06
201,Port Elizabeth,ZA,2022-10-02 00:50:53,-33.918,25.5701,285.55,97,0,2.06
202,Malakal,SS,2022-10-02 00:50:53,9.5334,31.6605,295.58,85,7,0.47
203,Lerici,IT,2022-10-02 00:50:54,44.0759,9.9112,291.68,78,30,1.79
204,Meulaboh,ID,2022-10-02 00:50:54,4.1363,96.1285,298.52,86,100,3.15
205,Maroantsetra,MG,2022-10-02 00:50:54,-15.4333,49.7333,291.31,89,81,0.96
206,Adrar,MR,2022-10-02 00:50:55,20.5022,-10.0711,299.42,24,0,3.83
207,Vestmannaeyjar,IS,2022-10-02 00:50:55,63.4427,-20.2734,281.23,85,100,16.45
208,Srikakulam,IN,2022-10-02 00:50:55,18.3,83.9,298.71,87,94,2.47
209,Umm Lajj,SA,2022-10-02 00:50:56,25.0213,37.2685,304.05,32,0,2.86
210,Nueva Loja,EC,2022-10-02 00:50:56,0.0847,-76.8828,295.0,87,18,0.56
211,Santa Helena,BR,2022-10-02 00:50:57,-2.2311,-45.3,296.51,93,85,1.92
212,Nampula,MZ,2022-10-02 00:50:57,-15.1165,39.2666,292.12,94,0,3.13
213,Fairhope,US,2022-10-02 00:50:57,30.523,-87.9033,297.01,47,0,2.68
214,Rocha,UY,2022-10-02 00:50:57,-34.4833,-54.3333,283.14,90,100,0.81
215,Ozorkow,PL,2022-10-02 00:50:58,51.9634,19.2914,284.24,94,58,4.89
216,Dharchula,IN,2022-10-02 00:50:58,29.85,80.5333,290.87,78,11,2.42
217,Sembe,CG,2022-10-02 00:50:58,1.6481,14.5806,294.3,98,100,1.12
218,Scarborough,GB,2022-10-02 00:50:59,54.2797,-0.4044,284.91,87,3,1.34
219,Raichur,IN,2022-10-02 00:50:59,16.2,77.3667,295.75,86,92,3.57
220,Riberalta,BO,2022-10-02 00:52:00,-10.9833,-66.1,299.22,53,13,1.27
221,Ciudad Bolivar,VE,2022-10-02 00:52:00,8.1222,-63.5497,300.31,69,47,3.62
222,Jardim,BR,2022-10-02 00:52:00,-21.4803,-56.1381,294.15,86,0,1.56
223,Salisbury,GB,2022-10-02 00:52:01,51.0693,-1.7957,288.13,89,75,5.14
224,Rumuruti,KE,2022-10-02 00:52:01,0.267,36.5389,286.84,89,8,2.86
225,Dingle,PH,2022-10-02 00:52:02,10.9995,122.6711,301.97,76,100,3.45
226,Brighton,GB,2022-10-02 00:49:49,50.8284,-0.1395,288.67,88,100,0.89
227,Chinsali,ZM,2022-10-02 00:52:03,-10.5414,32.0816,289.38,63,1,2.03
228,Bregenz,AT,2022-10-02 00:52:03,47.5031,9.7471,288.36,71,75,1.54
229,Nalut,LY,2022-10-02 00:52:03,30.3333,10.85,296.27,77,4,9.71
230,Goma,CD,2022-10-02 00:52:04,-1.6792,29.2228,290.89,84,100,1.12
231,Pital,CO,2022-10-02 00:52:04,2.2665,-75.8044,291.34,89,23,1.77
232,Bonavista,CA,2022-10-02 00:52:05,48.6499,-53.1147,284.12,79,100,6.86
233,Vardo,NO,2022-10-02 00:52:05,70.3705,31.1107,277.6,71,100,1.91
234,Shalakusha,RU,2022-10-02 00:52:05,62.2247,40.2539,279.22,89,100,1.3
235,San Ignacio,BZ,2022-10-02 00:50:19,17.1561,-89.0714,299.23,83,0,2.06
236,Zaozerne,UA,2022-10-02 00:52:06,45.1582,33.2787,293.66,78,23,7.34
237,Nkhotakota,MW,2022-10-02 00:52:06,-12.9274,34.2961,294.43,51,93,1.11
238,Lydenburg,ZA,2022-10-02 00:52:07,-25.0978,30.4597,290.59,55,3,1.18
239,Marsa Matruh,EG,2022-10-02 00:52:07,31.3525,27.2453,298.26,78,0,3.09
240,Gunjur,GM,2022-10-02 00:52:07,13.2019,-16.7339,296.19,94,75,2.57
241,Inyonga,TZ,2022-10-02 00:52:08,-6.7167,32.0667,294.23,56,64,3.58
242,Sainte-Thecle,CA,2022-10-02 00:52:08,46.8168,-72.4991,282.18,58,98,5.57
243,Matara,LK,2022-10-02 00:52:08,5.9485,80.5353,298.87,85,99,6.27
244,Qaqortoq,GL,2022-10-02 00:52:09,60.7167,-46.0333,277.01,81,100,2.27
245,Gurupi,BR,2022-10-02 00:52:09,-11.7292,-49.0686,305.24,27,95,0.66
246,Sawakin,SD,2022-10-02 00:52:10,19.1059,37.3321,301.77,57,2,1.72
247,Hit,IQ,2022-10-02 00:52:10,33.6416,42.8251,299.16,19,0,4.11
248,Pitimbu,BR,2022-10-02 00:52:10,-7.4706,-34.8086,297.48,78,14,5.32
249,Edd,ER,2022-10-02 00:52:11,13.9297,41.6925,304.51,62,8,0.83
250,Torbay,CA,2022-10-02 00:52:11,47.6666,-52.7314,286.25,88,75,8.23
251,Hofn,IS,2022-10-02 00:52:11,64.2539,-15.2082,281.28,90,100,2.7
252,Los Llanos De Aridane,ES,2022-10-02 00:52:12,28.6585,-17.9182,293.01,81,100,4.12
253,Villamontes,BO,2022-10-02 00:52:12,-21.25,-63.5,296.73,48,99,1.29
254,Sur,OM,2022-10-02 00:52:13,22.5667,59.5289,300.69,73,0,3.76
255,Havre-Saint-Pierre,CA,2022-10-02 00:52:13,50.2334,-63.5986,280.15,65,20,2.57
256,Fevik,NO,2022-10-02 00:52:14,58.3794,8.6766,283.02,88,75,2.99
257,Salta,AR,2022-10-02 00:52:14,-24.7859,-65.4117,291.48,48,0,1.03
258,Ikungi,TZ,2022-10-02 00:52:15,-5.1333,34.7667,288.53,79,51,4.74
259,Srisailam,IN,2022-10-02 00:52:15,16.0833,78.8667,294.12,94,93,2.59
260,Zapolyarnyy,RU,2022-10-02 00:52:15,69.4154,30.8136,275.75,99,99,1.61
261,Ambilobe,MG,2022-10-02 00:52:16,-13.2,49.05,290.08,83,0,2.08
262,Laela,TZ,2022-10-02 00:52:16,-8.5667,32.05,289.42,67,5,0.24
263,San Cristobal,VE,2022-10-02 00:52:17,7.7669,-72.225,295.25,93,43,1.34
264,Carutapera,BR,2022-10-02 00:52:17,-1.195,-46.02,298.44,83,44,2.87
265,Ladario,BR,2022-10-02 00:52:17,-19.0047,-57.6017,297.39,65,97,1.57
266,Deulgaon Raja,IN,2022-10-02 00:53:18,20.0167,76.0333,294.58,85,81,4.2
267,Bonthe,SL,2022-10-02 00:48:46,7.5264,-12.505,297.7,88,100,3.78
268,Clarksville,US,2022-10-02 00:50:14,36.5298,-87.3595,293.29,43,0,4.12
269,Tandil,AR,2022-10-02 00:51:35,-37.3217,-59.1332,284.64,62,73,2.03
270,Listvyanskiy,RU,2022-10-02 00:53:19,54.4399,83.4984,269.05,97,37,1.45
271,Iskateley,RU,2022-10-02 00:53:19,67.6803,53.1512,276.48,97,100,4.74
272,Tchollire,CM,2022-10-02 00:53:19,8.4022,14.1698,293.45,98,100,1.48
273,Aswan,EG,2022-10-02 00:53:20,24.0934,32.907,303.76,17,0,2.06
274,Pachino,IT,2022-10-02 00:53:20,36.7186,15.0907,294.95,56,8,3.28
275,Stornoway,GB,2022-10-02 00:53:20,58.2093,-6.3865,283.17,91,75,5.14
276,Bahia Blanca,AR,2022-10-02 00:49:39,-38.7196,-62.2724,286.05,63,6,3.89
277,Londiani,KE,2022-10-02 00:53:21,-0.165,35.5909,284.56,88,55,1.35
278,Tartagal,AR,2022-10-02 00:53:21,-22.5164,-63.8013,294.13,47,19,1.42
279,Aksarka,RU,2022-10-02 00:53:22,66.5606,67.7975,273.08,93,100,6.46
280,Puerto Del Rosario,ES,2022-10-02 00:53:22,28.5004,-13.8627,295.01,88,40,8.75
281,Bilma,NE,2022-10-02 00:53:23,18.6853,12.9164,305.24,22,5,4.44
282,Camana,PE,2022-10-02 00:53:23,-16.6228,-72.7111,290.06,77,48,3.6
283,Muzaffarabad,PK,2022-10-02 00:53:23,34.37,73.4711,290.79,74,1,2.71
284,Dubovskoye,RU,2022-10-02 00:53:24,47.4092,42.7575,291.64,59,100,3.27
285,Olafsvik,IS,2022-10-02 00:53:24,64.8945,-23.7142,281.36,87,100,2.55
286,Kalmunai,LK,2022-10-02 00:53:24,7.4167,81.8167,299.61,69,100,2.07
287,Abalak,RU,2022-10-02 00:53:25,58.1286,68.5944,269.08,81,11,2.77
288,Rio Gallegos,AR,2022-10-02 00:50:46,-51.6226,-69.2181,278.18,52,0,4.63
289,Mahon,ES,2022-10-02 00:53:25,39.8885,4.2658,290.46,82,0,2.06
290,Kanakapura,IN,2022-10-02 00:49:20,12.55,77.4167,293.54,93,100,1.75
291,Moose Factory,CA,2022-10-02 00:53:26,51.2585,-80.6094,275.15,80,0,1.54
292,Liverpool,GB,2022-10-02 00:53:26,53.4106,-2.9779,286.38,83,40,5.66
293,Foldeak,HU,2022-10-02 00:53:26,46.3167,20.5,288.18,72,88,6.14
294,Itaituba,BR,2022-10-02 00:53:27,-4.2761,-55.9836,296.63,95,99,0.66
295,De Aar,ZA,2022-10-02 00:53:27,-30.6497,24.0123,291.09,29,59,0.89
296,Umarkot,PK,2022-10-02 00:53:28,25.3616,69.7362,298.48,79,0,5.52
297,Celendin,PE,2022-10-02 00:53:28,-6.8703,-78.1517,286.02,80,37,2.01
298,Buchanan,LR,2022-10-02 00:53:29,5.8808,-10.0467,297.38,90,100,2.83
299,Berlevag,NO,2022-10-02 00:53:29,70.8578,29.0864,277.15,79,55,3.42
300,Bushehr,IR,2022-10-02 00:53:29,28.9684,50.8385,302.4,65,0,0.71
301,Goderich,CA,2022-10-02 00:53:30,43.7501,-81.7165,289.21,67,0,4.63
302,Tshikapa,CD,2022-10-02 00:53:30,-6.4167,20.8,294.29,94,100,1.04
303,Bubaque,GW,2022-10-02 00:53:30,11.2833,-15.8333,300.19,80,100,6.27
304,Kalofer,BG,2022-10-02 00:53:31,42.6167,24.9833,288.72,100,100,2.87
305,Beloha,MG,2022-10-02 00:53:31,-25.1667,45.05,292.34,75,0,0.54
306,Tahoua,NE,2022-10-02 00:53:32,14.8888,5.2692,301.14,74,0,0.0
307,Tixpehual,MX,2022-10-02 00:53:32,20.9833,-89.5167,295.33,71,78,2.65
308,Novo Aripuana,BR,2022-10-02 00:53:32,-5.1206,-60.3797,296.3,89,100,0.8
309,Harper,LR,2022-10-02 00:53:33,4.375,-7.7169,297.67,88,100,4.59
310,Cariamanga,EC,2022-10-02 00:53:33,-4.3333,-79.55,285.94,69,30,1.58
311,Minsk,BY,2022-10-02 00:54:33,53.9,27.5667,276.01,80,98,2.32
312,Yar-Sale,RU,2022-10-02 00:54:34,66.8333,70.8333,273.35,96,100,7.21
313,Oum Hadjer,TD,2022-10-02 00:54:34,13.2954,19.6966,301.44,50,4,2.89
314,Burla,IN,2022-10-02 00:54:34,21.5,83.8667,299.21,80,100,0.34
315,Adeje,ES,2022-10-02 00:54:34,28.1227,-16.726,293.76,64,20,3.09
316,Den Helder,NL,2022-10-02 00:54:35,52.9599,4.7593,290.14,75,20,7.72
317,San Juan,AR,2022-10-02 00:54:35,-31.5375,-68.5364,295.65,30,0,2.81
318,Plyussa,RU,2022-10-02 00:54:35,58.4308,29.3654,279.28,87,100,1.09
319,Maniitsoq,GL,2022-10-02 00:54:36,65.4167,-52.9,275.13,75,38,3.44
320,Bathsheba,BB,2022-10-02 00:54:36,13.2167,-59.5167,301.49,78,40,6.17
321,Itarema,BR,2022-10-02 00:54:36,-2.9248,-39.9167,298.6,85,14,7.19
322,Neuruppin,DE,2022-10-02 00:54:37,52.9282,12.8031,283.14,95,46,5.92
323,Oussouye,SN,2022-10-02 00:54:37,12.485,-16.5469,297.25,85,100,1.35
324,Mikhaylovka,RU,2022-10-02 00:54:37,50.06,43.2379,289.14,79,100,3.62
325,Summerside,CA,2022-10-02 00:54:38,46.3959,-63.7876,283.41,82,100,6.55
326,Chemal,RU,2022-10-02 00:54:38,51.4111,86.005,267.58,87,6,1.58
327,Chabahar,IR,2022-10-02 00:54:38,25.2919,60.643,299.41,76,0,1.41
328,Huarmey,PE,2022-10-02 00:54:39,-10.0681,-78.1522,290.35,83,29,4.26
329,Andros Town,BS,2022-10-02 00:54:39,24.7,-77.7667,300.13,70,8,2.23
330,Muros,ES,2022-10-02 00:54:39,42.7762,-9.0603,287.68,94,63,2.2
331,Anori,BR,2022-10-02 00:54:40,-3.7728,-61.6442,296.18,97,100,0.33
332,Prado,BR,2022-10-02 00:54:40,-17.3411,-39.2208,295.68,79,94,3.53
333,Mana,GF,2022-10-02 00:54:40,5.6592,-53.7767,299.04,88,26,3.78
334,Salvador,SV,2022-10-02 00:54:41,13.8333,-88.9167,295.96,97,100,1.09
335,Moengo,SR,2022-10-02 00:54:41,5.6167,-54.4,297.55,91,18,1.23
336,Ugoofaaru,MV,2022-10-02 00:54:41,5.6667,73.0,300.78,78,100,8.21
337,Lebu,CL,2022-10-02 00:54:42,-37.6167,-73.65,282.68,89,100,3.43
338,Kurkino,RU,2022-10-02 00:54:42,53.4257,38.6582,284.3,94,46,3.72
339,Yangambi,CD,2022-10-02 00:54:42,0.8102,24.4336,293.26,99,98,1.12
340,Inongo,CD,2022-10-02 00:54:43,-1.95,18.2667,293.7,99,100,1.3
341,Caucaia,BR,2022-10-02 00:54:43,-3.7361,-38.6531,300.12,75,20,5.66
342,Springbok,ZA,2022-10-02 00:54:43,-29.6643,17.8865,286.74,22,0,1.26
343,Van,TR,2022-10-02 00:54:43,38.4924,43.3831,286.73,54,0,3.62
344,Baneh,IR,2022-10-02 00:54:44,35.9975,45.8853,287.52,47,0,3.56
345,Thompson,CA,2022-10-02 00:50:51,55.7435,-97.8558,283.24,50,20,1.03
346,San-Pedro,CI,2022-10-02 00:54:44,4.7485,-6.6363,296.78,93,100,2.75
347,Denizli,TR,2022-10-02 00:54:45,37.8402,29.0698,296.67,38,30,2.12
348,Roslavl,RU,2022-10-02 00:54:45,53.9528,32.8639,279.84,90,45,2.01
349,Grand Gaube,MU,2022-10-02 00:54:45,-20.0064,57.6608,294.47,64,41,2.24
350,Neuquen,AR,2022-10-02 00:50:20,-38.9516,-68.0591,294.09,37,0,2.06
351,Beauceville,CA,2022-10-02 00:51:02,46.2179,-70.7787,283.96,82,100,1.54
352,Yertsevo,RU,2022-10-02 00:54:46,60.7966,40.086,279.13,92,100,2.6
353,Totness,SR,2022-10-02 00:54:46,5.8833,-56.3167,299.59,84,12,4.22
354,Talnakh,RU,2022-10-02 00:54:47,69.4865,88.3972,270.49,96,100,2.07
355,Sistranda,NO,2022-10-02 00:54:47,63.7256,8.834,283.13,89,100,3.67
356,Chimbote,PE,2022-10-02 00:54:43,-9.0853,-78.5783,289.55,85,22,4.47
357,Quirinopolis,BR,2022-10-02 00:54:47,-18.4483,-50.4517,299.48,53,61,3.48
358,Beroroha,MG,2022-10-02 00:54:48,-21.6667,45.1667,293.67,69,0,2.23
359,Akhmeta,GE,2022-10-02 00:55:48,42.0311,45.2075,289.44,60,96,0.27
360,Sarkand,KZ,2022-10-02 00:55:48,45.41,79.9186,273.31,26,0,1.28
361,La Macarena,CO,2022-10-02 00:55:49,2.1837,-73.7849,293.48,93,9,1.18
362,Vordingborg,DK,2022-10-02 00:53:06,55.008,11.9106,285.38,84,9,9.31
363,Melito Di Porto Salvo,IT,2022-10-02 00:55:49,37.9222,15.7714,295.81,60,40,8.75
364,Vizinga,RU,2022-10-02 00:55:49,61.0749,50.1031,280.55,96,100,3.82
365,Gazalkent,UZ,2022-10-02 00:55:50,41.5581,69.7708,284.78,39,1,1.53
366,Manta,EC,2022-10-02 00:55:50,-0.95,-80.7333,296.03,78,0,4.63
367,San Antonio,US,2022-10-02 00:54:22,29.4241,-98.4936,301.52,31,0,3.14
368,Penzance,GB,2022-10-02 00:55:50,50.1186,-5.5371,287.53,90,100,2.0
369,Baghdad,IQ,2022-10-02 00:55:51,33.3406,44.4009,295.1,37,0,1.03
370,Kang,BW,2022-10-02 00:55:51,-23.6752,22.7876,294.14,27,94,3.91
371,Ewo,CG,2022-10-02 00:55:51,-0.8725,14.8206,296.02,90,100,1.71
372,Penarroya-Pueblonuevo,ES,2022-10-02 00:55:51,38.3,-5.2667,287.84,36,4,1.65
373,Key West,US,2022-10-02 00:52:44,24.5557,-81.7826,302.15,63,0,4.12
374,Martinsville,US,2022-10-02 00:53:38,36.6915,-79.8725,286.93,88,100,2.06
375,Morki,RU,2022-10-02 00:55:52,56.4303,48.9947,284.16,94,100,5.26
376,Aras,ES,2022-10-02 00:55:52,42.5617,-2.356,284.68,82,0,1.54
377,Cabedelo,BR,2022-10-02 00:55:53,-6.9811,-34.8339,297.52,78,9,5.59
378,Hlatikulu,SZ,2022-10-02 00:55:53,-26.9667,31.3167,288.51,87,100,1.58
379,Aksu,CN,2022-10-02 00:55:53,41.1231,80.2644,287.22,44,56,9.13
380,Pitanga,BR,2022-10-02 00:55:54,-24.7572,-51.7614,287.34,97,12,1.41
381,Keti Bandar,PK,2022-10-02 00:55:54,24.1447,67.4497,301.01,64,100,5.91
382,Mweka,CD,2022-10-02 00:55:54,-4.85,21.5667,292.47,99,100,0.74
383,Maralal,KE,2022-10-02 00:55:54,1.0968,36.698,287.08,76,16,2.26
384,Sechura,PE,2022-10-02 00:55:55,-5.5569,-80.8222,290.76,81,3,7.24
385,Ambikapur,IN,2022-10-02 00:55:55,23.1167,83.2,296.19,79,77,1.23
386,Simplicio Mendes,BR,2022-10-02 00:55:55,-7.8539,-41.9103,298.99,25,0,2.55
387,Tobermory,CA,2022-10-02 00:55:56,45.2501,-81.6665,286.36,64,0,11.93
388,Saint-Pierre,RE,2022-10-02 00:55:56,-21.3393,55.4781,293.97,66,75,4.63
389,Miajadas,ES,2022-10-02 00:55:56,39.1513,-5.9084,290.83,34,14,1.74
390,Sarh,TD,2022-10-02 00:55:57,9.1429,18.3923,296.14,91,100,1.77
391,Mazyr,BY,2022-10-02 00:55:57,52.0495,29.2456,284.29,93,100,3.95
392,Namwala,ZM,2022-10-02 00:55:57,-15.7504,26.4384,293.81,39,0,2.02
393,Sept-Iles,CA,2022-10-02 00:55:57,50.2001,-66.3821,280.15,59,75,5.14
394,Ardakan,IR,2022-10-02 00:55:58,32.31,54.0175,294.5,35,0,4.64
395,Taoudenni,ML,2022-10-02 00:55:58,22.6783,-3.9836,303.6,21,32,2.1
396,Butembo,CD,2022-10-02 00:55:58,0.15,29.2833,287.14,95,100,0.89
397,Abu Zabad,SD,2022-10-02 00:55:59,12.35,29.25,297.6,67,0,2.9
398,Tumaco,CO,2022-10-02 00:55:59,1.7986,-78.8156,297.65,80,97,1.99
399,Elizabeth City,US,2022-10-02 00:55:54,36.2946,-76.2511,292.16,87,0,1.97
400,Alcantara,BR,2022-10-02 00:55:59,-2.4089,-44.4147,301.26,87,98,4.15
401,Tarko-Sale,RU,2022-10-02 00:56:00,64.9225,77.785,271.24,71,93,6.42
402,Varkkallai,IN,2022-10-02 00:56:00,8.7341,76.7067,298.03,87,100,2.77
403,Umm Bab,QA,2022-10-02 00:56:00,25.2142,50.8072,302.29,52,0,3.56
404,Saint Anthony,US,2022-10-02 00:56:01,45.0205,-93.218,289.76,72,100,2.57
405,Pokrovskoye,RU,2022-10-02 00:56:01,47.4157,38.8971,291.01,86,100,2.55
406,Bulaevo,KZ,2022-10-02 00:56:01,54.9056,70.4439,271.2,67,11,2.54
407,Ostersund,SE,2022-10-02 00:56:02,63.1792,14.6357,281.82,93,100,3.09
408,Yamoussoukro,CI,2022-10-02 00:57:02,6.8206,-5.2767,296.09,100,75,2.06
409,Warrington,GB,2022-10-02 00:57:03,53.3925,-2.5802,286.47,88,40,5.66
410,Moba,CN,2022-10-02 00:57:03,33.2288,105.0179,288.72,88,100,1.67
411,Montijo,PT,2022-10-02 00:57:03,38.7067,-8.9739,294.58,57,0,5.14
412,Ruwi,OM,2022-10-02 00:57:04,23.5996,58.5507,301.46,64,1,1.44
413,Dhidhdhoo,MV,2022-10-02 00:57:04,6.8833,73.1,300.18,79,100,6.77
414,Sao Luiz Gonzaga,BR,2022-10-02 00:57:05,-28.4083,-54.9608,286.27,89,0,3.95
415,Jalingo,NG,2022-10-02 00:57:05,8.8833,11.3667,296.07,89,100,1.18
416,Pindiga,NG,2022-10-02 00:57:06,9.9833,10.9333,295.21,84,100,0.33
417,Chute-Aux-Outardes,CA,2022-10-02 00:57:06,49.1168,-68.399,279.14,56,75,2.06
418,Caranavi,BO,2022-10-02 00:57:07,-15.8167,-67.55,290.71,83,44,1.24
419,Codo,BR,2022-10-02 00:57:07,-4.4553,-43.8856,299.35,62,17,1.69
420,Lyskovo,RU,2022-10-02 00:57:07,56.0328,45.0422,286.96,93,100,6.07
421,Mattru,SL,2022-10-02 00:57:08,7.6244,-11.8332,295.78,98,100,1.03
422,Caala,AO,2022-10-02 00:57:08,-12.8525,15.5606,289.24,90,32,1.97
423,Uruzgan,AF,2022-10-02 00:57:09,32.8333,66.0,289.01,26,0,2.79
424,Mandera,KE,2022-10-02 00:57:09,3.9366,41.867,297.43,60,5,6.12
425,Laguna,US,2022-10-02 00:52:16,38.421,-121.4238,304.44,48,0,6.17
426,Sambava,MG,2022-10-02 00:57:09,-14.2667,50.1667,293.15,80,96,4.76
427,Zyryanovsk,KZ,2022-10-02 00:57:10,49.7386,84.2719,269.02,61,0,0.61
428,Fureidis,IL,2022-10-02 00:57:10,32.5986,34.9558,296.05,79,0,1.1
429,Imbituba,BR,2022-10-02 00:57:11,-28.24,-48.6703,290.47,89,92,2.51
430,Porto Belo,BR,2022-10-02 00:57:11,-27.1578,-48.5531,292.13,88,89,4.26
431,Grevesmuhlen,DE,2022-10-02 00:57:11,53.8667,11.1833,284.01,94,22,7.36
432,Olean,US,2022-10-02 00:57:12,42.0776,-78.4297,286.29,81,75,5.66
433,Udimskiy,RU,2022-10-02 00:57:12,61.1417,45.9144,282.01,99,100,2.55
434,Gulf Gate Estates,US,2022-10-02 00:57:13,27.2517,-82.5147,296.07,60,0,0.89
435,Cabinda,AO,2022-10-02 00:57:13,-5.55,12.2,297.04,90,74,2.44
436,Tambo,PE,2022-10-02 00:57:13,-14.8,-73.9167,275.92,62,34,0.86
437,Ozinki,RU,2022-10-02 00:57:14,51.1786,49.6769,287.01,57,91,3.87
438,La Plata,AR,2022-10-02 00:53:00,-34.9215,-57.9545,289.84,66,100,2.66
439,Oranjemund,NA,2022-10-02 00:55:17,-28.55,16.4333,286.0,94,0,2.29
440,Lumeje,AO,2022-10-02 00:57:14,-11.55,20.7833,292.68,61,76,1.79
441,Bull Savanna,JM,2022-10-02 00:57:15,17.8868,-77.5902,297.73,84,100,2.46
442,Santa Cruz,BO,2022-10-02 00:53:03,-17.8,-63.1667,297.85,61,46,2.06
443,Skibbereen,IE,2022-10-02 00:57:15,51.55,-9.2667,287.65,87,100,2.95
444,Cerignola,IT,2022-10-02 00:57:16,41.264,15.9005,289.91,65,0,2.53
445,Pallasovka,RU,2022-10-02 00:57:16,50.05,46.8833,288.95,71,99,3.75
446,Bosobolo,CD,2022-10-02 00:57:16,4.1833,19.9,294.06,96,95,0.69
447,Padang,ID,2022-10-02 00:57:17,-0.9492,100.3543,296.18,96,100,3.67
448,Kendal,GB,2022-10-02 00:57:17,54.3268,-2.7476,285.7,92,2,3.96
449,Masunga,BW,2022-10-02 00:57:18,-20.6246,27.4488,290.16,31,0,3.63
450,Rotterdam,NL,2022-10-02 00:54:30,51.9225,4.4792,289.23,88,20,4.12
451,Amarante,BR,2022-10-02 00:57:18,-6.2411,-42.8547,298.04,26,0,1.77
452,Patacamaya,BO,2022-10-02 00:57:19,-17.2333,-67.9167,280.49,66,74,3.13
453,Kavaratti,IN,2022-10-02 00:57:19,10.5669,72.642,300.53,76,62,5.05
454,Canarana,BR,2022-10-02 00:57:19,-11.6847,-41.7689,295.26,69,8,4.17
455,Pangoa,PE,2022-10-02 00:57:20,-12.1167,-73.0,295.54,74,79,1.25
456,Kimparana,ML,2022-10-02 00:58:20,12.8347,-4.9244,298.32,73,12,2.73
457,Otukpo,NG,2022-10-02 00:58:21,7.1913,8.1329,294.9,98,100,1.48
458,Taywarah,AF,2022-10-02 00:58:22,33.35,64.4167,278.87,45,0,3.42
459,Thomaston,US,2022-10-02 00:58:22,32.8882,-84.3266,295.33,61,0,3.13
460,Maragheh,IR,2022-10-02 00:58:22,37.3917,46.2398,288.3,36,0,4.12
461,Acarau,BR,2022-10-02 00:56:36,-2.8856,-40.12,298.69,84,16,7.47
462,Qasigiannguit,GL,2022-10-02 00:58:23,68.8193,-51.1922,267.4,81,100,2.39
463,Jibuti,DJ,2022-10-02 00:58:24,11.5,42.5,299.37,69,6,2.73
464,Doaba,PK,2022-10-02 00:58:24,33.4244,70.7364,295.64,46,0,1.44
465,Amapa,BR,2022-10-02 00:58:24,1.0,-52.0,298.64,68,6,2.44
466,Vaikam,IN,2022-10-02 00:58:25,9.7667,76.4,298.18,88,93,0.91
467,Presidencia Roque Saenz Pena,AR,2022-10-02 00:58:25,-26.7852,-60.4388,292.2,46,0,3.65
468,Derveni,GR,2022-10-02 00:58:26,38.1333,22.4167,297.59,80,20,6.21
469,Caceres,ES,2022-10-02 00:58:26,39.522,-6.3748,290.23,38,9,1.88
470,Padilla,CO,2022-10-02 00:58:27,3.2204,-76.3139,296.91,84,99,2.09
471,Upata,VE,2022-10-02 00:58:27,8.0086,-62.3989,295.43,93,38,1.79
472,Buraydah,SA,2022-10-02 00:58:27,26.326,43.975,295.4,18,0,1.98
473,Cheremisinovo,RU,2022-10-02 00:58:28,51.8855,37.2646,286.13,92,76,2.5
474,Floro,NO,2022-10-02 00:58:28,61.5996,5.0328,284.13,87,75,4.12
475,Sutysky,UA,2022-10-02 00:57:12,49.0425,28.4173,287.82,83,100,3.57
476,Kuruman,ZA,2022-10-02 00:58:28,-27.4524,23.4325,291.01,9,9,4.14
477,Bria,CF,2022-10-02 00:58:30,6.5423,21.9863,293.43,96,100,0.25
478,Crotone,IT,2022-10-02 00:54:42,39.0851,17.1178,292.7,56,0,2.7
479,Talara,PE,2022-10-02 00:58:30,-4.5772,-81.2719,290.57,89,28,7.7
480,Bud,US,2022-10-02 00:58:30,39.447,-86.1758,291.86,56,0,3.44
481,Kjollefjord,NO,2022-10-02 00:58:31,70.9457,27.3465,278.18,93,75,1.03
482,Lehututu,BW,2022-10-02 00:58:31,-23.9667,21.8667,294.22,26,49,3.11
483,Maraa,BR,2022-10-02 00:58:31,-1.8333,-65.3667,295.83,97,100,1.41
484,Uige,AO,2022-10-02 00:58:32,-7.6087,15.0613,292.75,95,94,1.0
485,Muravlenko,RU,2022-10-02 00:58:32,63.7898,74.523,271.32,71,100,6.63
486,Feijo,BR,2022-10-02 00:58:32,-8.1642,-70.3536,298.56,61,47,0.42
487,Duku,NG,2022-10-02 00:58:33,11.2361,4.9073,296.28,89,99,1.41
488,Bol,TD,2022-10-02 00:58:33,13.4586,14.7147,302.01,64,2,3.9
489,Mishawaka,US,2022-10-02 00:58:34,41.662,-86.1586,289.25,72,0,0.45
490,Salinas,US,2022-10-02 00:54:04,36.6777,-121.6555,292.5,70,22,3.06
491,Puerto Leguizamo,CO,2022-10-02 00:58:34,-0.1934,-74.7819,294.73,98,11,0.43
492,Mbanza-Ngungu,CD,2022-10-02 00:58:35,-5.25,14.8667,294.62,86,100,2.68
493,General Pico,AR,2022-10-02 00:58:35,-35.6566,-63.7568,291.0,28,100,3.82
494,Damghan,IR,2022-10-02 00:58:35,36.1683,54.348,288.46,61,0,1.95
495,Kommunisticheskiy,RU,2022-10-02 00:58:36,61.6789,64.4819,271.78,82,100,3.89
496,Batticaloa,LK,2022-10-02 00:58:36,7.7102,81.6924,299.93,70,100,5.32
497,Loukhi,RU,2022-10-02 00:58:36,66.0764,33.0381,272.98,94,57,1.87
498,Muisne,EC,2022-10-02 00:58:37,0.6,-80.0333,296.26,80,93,1.49
499,Amritsar,IN,2022-10-02 00:58:37,31.6331,74.8656,298.05,100,0,0.0
500,Goure,NE,2022-10-02 00:58:37,13.9835,10.2704,304.02,40,42,3.27
501,Maceio,BR,2022-10-02 00:59:38,-9.6658,-35.7353,294.84,88,0,0.51
502,Yarada,IN,2022-10-02 00:59:38,17.65,83.2667,298.33,94,75,1.54
503,Lisakovsk,KZ,2022-10-02 00:59:38,52.5369,62.4936,277.38,34,100,3.59
504,Nobres,BR,2022-10-02 00:59:39,-14.7203,-56.3275,297.66,80,13,2.98
505,Kiruna,SE,2022-10-02 00:59:39,67.8557,20.2251,276.66,93,100,3.09
506,Antofagasta,CL,2022-10-02 00:59:39,-23.65,-70.4,286.75,75,27,1.97
507,Kargasok,RU,2022-10-02 00:59:39,59.0556,80.8572,269.55,87,76,1.65
508,Krasnoselkup,RU,2022-10-02 00:59:40,65.7,82.4667,271.97,74,100,5.53
509,Luanda,AO,2022-10-02 00:56:27,-8.8368,13.2343,296.15,88,20,3.09
510,Bara,NG,2022-10-02 00:59:40,10.3744,10.7288,296.11,85,100,1.91
511,Gwadar,PK,2022-10-02 00:59:40,25.1216,62.3254,298.84,81,16,1.95
512,Point Pedro,LK,2022-10-02 00:59:41,9.8167,80.2333,300.15,77,100,4.76
513,Kassala,SD,2022-10-02 00:59:41,15.451,36.4,301.62,54,6,3.15
514,Pritzwalk,DE,2022-10-02 00:59:41,53.1494,12.1741,284.03,95,63,6.4
515,Neyshabur,IR,2022-10-02 00:59:42,36.2133,58.7958,287.9,30,0,0.84
516,Spring Hill,US,2022-10-02 00:58:38,28.4769,-82.5255,296.38,81,0,2.9
517,Uniontown,US,2022-10-02 00:59:42,39.9001,-79.7164,285.16,76,100,0.45
518,Bahia Honda,CU,2022-10-02 00:59:42,22.9036,-83.1592,297.36,73,27,2.93
519,Tabuk,PH,2022-10-02 00:59:43,17.4189,121.4443,300.21,77,100,0.5
520,Westport,US,2022-10-02 00:59:24,41.1415,-73.3579,289.12,73,100,5.36
521,Puerto Madryn,AR,2022-10-02 00:57:07,-42.7692,-65.0385,284.9,51,100,4.85
522,Natal,BR,2022-10-02 00:56:46,-5.795,-35.2094,299.27,78,20,4.12
523,Mehnagar,IN,2022-10-02 00:59:43,25.8833,83.1167,298.49,74,1,1.19
524,Ancud,CL,2022-10-02 00:55:33,-41.8697,-73.8203,280.56,79,100,1.8
525,Chimore,BO,2022-10-02 00:59:44,-16.9833,-65.1333,295.14,65,62,1.21
526,Albany,US,2022-10-02 00:52:12,42.6001,-73.9662,287.47,75,18,2.76
527,Seevetal,DE,2022-10-02 00:59:44,53.4,9.9667,284.25,96,75,4.12
528,Aripuana,BR,2022-10-02 00:59:44,-9.1667,-60.6333,295.57,94,54,0.81
529,Conde,BR,2022-10-02 00:58:28,-7.2597,-34.9075,296.85,83,20,2.06
530,Aguas Belas,BR,2022-10-02 00:59:45,-9.1114,-37.1231,291.29,82,3,2.34
531,Skjervoy,NO,2022-10-02 00:59:45,70.0311,20.9714,271.15,71,12,4.25
532,Iquitos,PE,2022-10-02 00:59:45,-3.7481,-73.2472,300.17,69,40,0.51
533,Dvinskoy,RU,2022-10-02 00:59:46,62.1535,45.1175,280.21,87,100,1.87
534,Boende,CD,2022-10-02 00:59:46,-0.2167,20.8667,293.68,99,100,1.1
535,Leh,IN,2022-10-02 00:57:14,34.1667,77.5833,279.35,63,17,2.45
536,Puerto Escondido,MX,2022-10-02 00:59:46,15.85,-97.0667,299.53,84,15,0.42
537,Awjilah,LY,2022-10-02 00:59:47,29.1081,21.2869,303.04,21,0,2.18
538,Chilmari,BD,2022-10-02 00:59:47,25.5559,89.6715,299.18,90,100,3.69
539,Aleksandrovka,UA,2022-10-02 00:59:47,46.8383,32.7612,291.82,80,100,4.98
540,Sadovoye,RU,2022-10-02 00:59:48,47.7764,44.5089,291.89,54,70,3.06
541,Pimentel,PE,2022-10-02 00:59:48,-6.8367,-79.9342,289.85,87,20,6.54
542,Elat,IL,2022-10-02 00:59:48,29.5581,34.9482,302.06,39,0,4.12
